SMILES,code_name
C#CC(=O)C(C)C,1
C#CC(=O)C(OCC)OCC,2
C#CC(=O)CC,3
C#CC(=O)CCC,4
C#CC(=O)CCc1ccccc1,5
C#CC(=O)COCc1ccccc1,6
C#CC(=O)Cc1ccccc1,7
C#CC(=O)N(C)C,8
C#CC(=O)N1CCCC1,9
C#CC(=O)N1CCOCC1,10
C#CC(=O)NC,11
C#CC(=O)NC(C)C,12
C#CC(=O)NC1CCCC1,13
C#CC(=O)NC1CCCCC1,14
C#CC(=O)NCC,15
C#CC(=O)NCc1ccccc1,16
C#CC(=O)NCc1nc(C)cc(C)n1,17
C#CC(=O)Nc1cc(OC)ccc1OC,18
C#CC(=O)Nc1ccc(OC)c(N)c1,19
C#CC(=O)Nc1ccccc1,20
C#CC(=O)Nc1ccccc1Cl,21
C#CC(=O)OC,22
C#CC(=O)OC(C)(C)C,23
C#CC(=O)OC(C)C,24
C#CC(=O)OCC,25
C#CC(=O)OCCCC,26
C#CC(=O)OCc1ccccc1,27
C#CC(=O)c1cc(C)ccc1Br,28
C#CC(=O)c1ccc(Br)c(F)c1,29
C#CC(=O)c1ccc(Br)cc1F,30
C#CC(=O)c1ccc(C(F)(F)F)cc1,31
C#CC(=O)c1ccc(C)cc1,32
C#CC(=O)c1ccc(Cl)cc1,33
C#CC(=O)c1ccc(OC)cc1,34
C#CC(=O)c1cccc(C(F)(F)F)c1,35
C#CC(=O)c1cccc(Cl)c1,36
C#CC(=O)c1ccccc1,37
C#CC(=O)c1ccccc1Cl,38
C#CC(C)(C)Br,39
C#CC(C)(C)C,40
C#CC(C)(C)C(=O)OC,41
C#CC(C)(C)C(=O)OC(C)(C)C,42
C#CC(C)(C)C(=O)OCC,43
C#CC(C)(C)CC,44
C#CC(C)(C)CO,45
C#CC(C)(C)Cc1ccccc1,46
C#CC(C)(C)Cl,47
C#CC(C)(C)N1CCOCC1,48
C#CC(C)(C)NC(=O)CC(=O)OCC,49
C#CC(C)(C)NC(=O)CCC(=O)OCC,50
C#CC(C)(C)NC(=O)COC,51
C#CC(C)(C)NC(=O)c1ccccc1,52
C#CC(C)(C)NC(=O)c1cccnc1,53
C#CC(C)(C)NCC(C)=O,54
C#CC(C)(C)Nc1ccccc1,55
C#CC(C)(C)O,56
C#CC(C)(C)OC,57
C#CC(C)(C)OC(=O)c1ccc(Cl)cc1,58
C#CC(C)(C)OC(C)=O,59
C#CC(C)(C)OC(OCC)OCC,60
C#CC(C)(C)OCCO,61
C#CC(C)(C)OCCOCCO,62
C#CC(C)(C)OCc1ccccc1,63
C#CC(C)(C)c1ccccc1,64
C#CC(C)(C)n1cccc1,65
C#CC(C)=O,66
C#CC(C)C,67
C#CC(O)(C(C)C)C(C)C,68
C#CC(O)(CC(C)C)CC(C)C,69
C#CC(O)(CC)CC,70
C#CC(OCC)(OCC)OCC,71
C#CC(OCC)OCC,72
C#CC1(C)CCCC1,73
C#CC1(C)CCCCC1,74
C#CC1(C)CCOCC1,75
C#CC1(Cl)CCCCC1,76
C#CC1(NC(C)=O)CCCC1,77
C#CC1(O)CCC(C(C)(C)C)CC1,78
C#CC1(O)CCC(F)(F)CC1,79
C#CC1(O)CCCC1,80
C#CC1(O)CCCCC1,81
C#CC1(O)CCCCCC1,82
C#CC1(O)CCOCC1,83
C#CC1(O)Cc2ccccc2C1,84
C#CC1(OC(=O)CC)CCCCC1,85
C#CC1(OC(=O)OC)CCCCC1,86
C#CC1(OC(C)=O)CCCCC1,87
C#CC1CCC(=O)CC1,88
C#CC1CCC(C(=O)OC)CC1,89
C#CC1CCC(C)CC1,90
C#CC1CCC(CO)CC1,91
C#CC1CCC(F)(F)CC1,92
C#CC1CCC(OC(F)(F)F)CC1,93
C#CC1CCCC1,94
C#CC1CCCCC1,95
C#CC1CCCCCC1,96
C#CC1CCOCC1,97
C#CC1Cc2ccccc2C1,98
C#CCC,99
C#CCC(=O)OC,100
C#CCC(=O)OC(C)(C)C,101
C#CCC(=O)OCC,102
C#CCC(C(=O)OC)C(=O)OC,103
C#CCC(C(=O)OCC)C(=O)OCC,104
C#CCC(C)(C(=O)OCC)C(=O)OCC,105
C#CCC(C)(C)C(=O)OCC,106
C#CCC(C)(C)C(N)=O,107
C#CCC(C)(C)O,108
C#CCC(C)C,109
C#CCC(OC)OC,110
C#CCC1(C(=O)OC)CCCCC1,111
C#CCC1(C)C(=O)CCC1=O,112
C#CCC1(O)CCCCC1,113
C#CCC1(O)CCOCC1,114
C#CCC1CCCC1,115
C#CCC1CCCCC1,116
C#CCC1CCOCC1,117
C#CCCC,118
C#CCCC(=O)C(C)(C)C,119
C#CCCC(=O)CC(=O)OC,120
C#CCCC(=O)CCO,121
C#CCCC(=O)OC,122
C#CCCC(=O)OC(C)(C)C,123
C#CCCC(=O)OCC,124
C#CCCC(=O)OCc1ccccc1,125
C#CCCC(=O)c1ccc(C)cc1,126
C#CCCC(=O)c1ccccc1,127
C#CCCC(C(=O)OCC)C(=O)OCC,128
C#CCCC(C)(C)CO,129
C#CCCC(C)=O,130
C#CCCC(C)C,131
C#CCCC(N)=O,132
C#CCCC(OCC)OCC,133
C#CCCC1CCCCC1,134
C#CCCC=O,135
C#CCCCC,136
C#CCCCC(=O)OC,137
C#CCCCC(=O)OC(C)(C)C,138
C#CCCCC(C)=O,139
C#CCCCC1CCCCC1,140
C#CCCCC=O,141
C#CCCCCC,142
C#CCCCCC(=O)Nc1cnccn1,143
C#CCCCCCC,144
C#CCCCCCCC,145
C#CCCCCCCCC,146
C#CCCCCCCCCC(=O)OC,147
C#CCCCCCCCCCCO,148
C#CCCCCCCCCCO,149
C#CCCCCCCCCO,150
C#CCCCCCCCO,151
C#CCCCCCCO,152
C#CCCCCCO,153
C#CCCCCO,154
C#CCCCCOC(=O)c1cccnc1,155
C#CCCCCOCOC,156
C#CCCCN1CCOCC1,157
C#CCCCO,158
C#CCCCOC(C)=O,159
C#CCCCOCOCCOC,160
C#CCCCOCc1ccccc1,161
C#CCCCOc1cccnc1F,162
C#CCCCc1ccccc1,163
C#CCCN(C)CC(=O)O,164
C#CCCN1C(=O)CCC1=O,165
C#CCCN1C(=O)c2ccccc2C1=O,166
C#CCCN1CCOCC1,167
C#CCCNC(=O)C(C)(C)C,168
C#CCCNC(=O)CC(C)(C)C,169
C#CCCNC(=O)CCCC,170
C#CCCNC(=O)COCC,171
C#CCCNC(=O)c1ccc(=O)oc1,172
C#CCCNC(=O)c1ccc(F)c(F)c1,173
C#CCCNC(=O)c1ccccc1,174
C#CCCNC(=O)c1cccn(C)c1=O,175
C#CCCNC(=O)c1ccno1,176
C#CCCNC(C)=O,177
C#CCCNCC(F)(F)F,178
C#CCCO,179
C#CCCOC(=O)C(C)(C)Br,180
C#CCCOC(=O)c1ccc(OC)cc1,181
C#CCCOC(=O)c1ccncn1,182
C#CCCOC(C)=O,183
C#CCCOCCC(=O)OC(C)(C)C,184
C#CCCOCc1ccccc1,185
C#CCCOc1cc(C)nc(Cl)n1,186
C#CCCOc1ccc(C=O)cc1,187
C#CCCOc1ccccc1,188
C#CCCOc1ccccc1C=O,189
C#CCCc1ccc(CO)cc1,190
C#CCCc1ccccc1,191
C#CCCc1ccccc1Br,192
C#CCCc1cn2ccccc2n1,193
C#CCCc1cnc[nH]1,194
C#CCN(C(C)=O)c1ccc(OC)cc1,195
C#CCN(C)C(=O)CCc1ccncc1,196
C#CCN(C)C(=O)c1ccc(Cl)c(F)c1,197
C#CCN(C)C(=O)c1ccc(Cl)cc1C,198
C#CCN(C)C(=O)c1ccc(O)cc1C,199
C#CCN(C)C(=O)c1ccncc1Br,200
C#CCN(C)C(=O)c1ccncc1CC,201
C#CCN(C)C(=O)c1ncncc1Cl,202
C#CCN(C)C(C)=O,203
C#CCN(C)CC(=O)N1CCC(C)CC1,204
C#CCN(C)CC(=O)N1CCCCCC1,205
C#CCN(C)Cc1ccc2c(c1)OCO2,206
C#CCN(C)Cc1ccccc1Cl,207
C#CCN(C)Cc1ccncc1,208
C#CCN(C)Cc1cnc(N(C)C)nc1,209
C#CCN(C)c1ccccc1,210
C#CCN(CC)c1ccccc1,211
C#CCN(CCC(=O)O)C(C)C,212
C#CCN(CCO)Cc1ccccc1,213
C#CCN1C(=O)C(=O)c2cc(Br)ccc21,214
C#CCN1C(=O)C(=O)c2cc(C)ccc21,215
C#CCN1C(=O)C(=O)c2cccc(C)c21,216
C#CCN1C(=O)C(=O)c2ccccc21,217
C#CCN1C(=O)CCC1=O,218
C#CCN1C(=O)COCC1=O,219
C#CCN1C(=O)COc2ccc(Br)cc21,220
C#CCN1C(=O)Cc2ccccc21,221
C#CCN1C(=O)Cc2ccccc2C1=O,222
C#CCN1C(=O)c2ccccc2C1=O,223
C#CCN1CC(=O)N(C(C)C)C(C)(C)C1,224
C#CCN1CCC(=O)CC1,225
C#CCN1CCC(C(=O)O)CC1,226
C#CCN1CCC(C(=O)OC)CC1,227
C#CCN1CCC(C(=O)OCC)CC1,228
C#CCN1CCC(C(F)(F)F)CC1,229
C#CCN1CCC(F)(F)CC1,230
C#CCN1CCCC1=O,231
C#CCN1CCCCC1=O,232
C#CCN1CCCCCC1=O,233
C#CCN1CCN(C(C)=O)CC1,234
C#CCN1CCN(C)CC1,235
C#CCN1CCN(CCOC)CC1,236
C#CCN1CCN(c2ncccn2)CC1,237
C#CCN1CCNC(=O)C1,238
C#CCN1CCNCC1=O,239
C#CCN1CCOCC1,240
C#CCN1CCOCC1=O,241
C#CCN1Cc2ccccc2C1,242
C#CCNC(=O)C(CC)CC,243
C#CCNC(=O)C1CCCC1,244
C#CCNC(=O)C1CCCCC1,245
C#CCNC(=O)CC,246
C#CCNC(=O)CN1CCCCCC1=O,247
C#CCNC(=O)CN1CCOC(C)(C)C1,248
C#CCNC(=O)CN1CCOCC1(C)C,249
C#CCNC(=O)COC,250
C#CCNC(=O)COc1ccc(Br)cc1,251
C#CCNC(=O)Cc1c(C)noc1C,252
C#CCNC(=O)Cc1c(Cl)cccc1Cl,253
C#CCNC(=O)Cc1c(F)cccc1Cl,254
C#CCNC(=O)Cc1ccc(Br)cc1,255
C#CCNC(=O)Cc1ccc(Cl)cc1,256
C#CCNC(=O)Cc1ccc(Cl)cc1Cl,257
C#CCNC(=O)Cc1ccc(OC)cc1,258
C#CCNC(=O)Cc1ccccc1C,259
C#CCNC(=O)Cc1ccccc1Cl,260
C#CCNC(=O)Cc1ccccc1F,261
C#CCNC(=O)Cn1cc(Br)ccc1=O,262
C#CCNC(=O)c1c(C)oc(C)c1C,263
C#CCNC(=O)c1cc(Br)c[nH]1,264
C#CCNC(=O)c1cc(Br)ccc1Cl,265
C#CCNC(=O)c1cc(Br)ccc1F,266
C#CCNC(=O)c1cc(Br)ccc1O,267
C#CCNC(=O)c1cc(C)cc(C)c1,268
C#CCNC(=O)c1cc(C)ccc1C,269
C#CCNC(=O)c1cc(C)ccc1O,270
C#CCNC(=O)c1cc(C)ccc1OC,271
C#CCNC(=O)c1cc(C)oc1C,272
C#CCNC(=O)c1cc(Cl)cc(Cl)c1,273
C#CCNC(=O)c1cc(Cl)ccc1F,274
C#CCNC(=O)c1cc(Cl)ccc1O,275
C#CCNC(=O)c1cc(Cl)ccc1OC,276
C#CCNC(=O)c1cc(Cl)ccn1,277
C#CCNC(=O)c1cc(F)c(Cl)cc1Cl,278
C#CCNC(=O)c1cc(F)cc(Br)c1,279
C#CCNC(=O)c1cc(F)cc(F)c1,280
C#CCNC(=O)c1cc(F)ccc1Br,281
C#CCNC(=O)c1cc(OC)ccc1Br,282
C#CCNC(=O)c1cc2ccccc2[nH]1,283
C#CCNC(=O)c1ccc(Br)cc1,284
C#CCNC(=O)c1ccc(Br)cc1C,285
C#CCNC(=O)c1ccc(Br)cc1F,286
C#CCNC(=O)c1ccc(C)c(C)c1,287
C#CCNC(=O)c1ccc(C)c(F)c1,288
C#CCNC(=O)c1ccc(C)cc1C,289
C#CCNC(=O)c1ccc(C)cc1O,290
C#CCNC(=O)c1ccc(C)n1C,291
C#CCNC(=O)c1ccc(CC)cc1,292
C#CCNC(=O)c1ccc(Cl)c(Cl)c1,293
C#CCNC(=O)c1ccc(Cl)cc1,294
C#CCNC(=O)c1ccc(Cl)cc1Cl,295
C#CCNC(=O)c1ccc(Cl)cc1F,296
C#CCNC(=O)c1ccc(Cl)cc1O,297
C#CCNC(=O)c1ccc(Cl)nc1,298
C#CCNC(=O)c1ccc(Cl)o1,299
C#CCNC(=O)c1ccc(F)cc1,300
C#CCNC(=O)c1ccc(F)cc1Br,301
C#CCNC(=O)c1ccc(F)cc1Cl,302
C#CCNC(=O)c1ccc(F)cc1F,303
C#CCNC(=O)c1ccc(N(C)C)cc1,304
C#CCNC(=O)c1ccc(O)c(Cl)c1,305
C#CCNC(=O)c1ccc(OC)c(Br)c1,306
C#CCNC(=O)c1ccc(OC)cc1,307
C#CCNC(=O)c1ccc(OC)cc1F,308
C#CCNC(=O)c1ccc(OC)cc1O,309
C#CCNC(=O)c1ccc2c(c1)OCO2,310
C#CCNC(=O)c1cccc(C)c1,311
C#CCNC(=O)c1cccc(C)c1C,312
C#CCNC(=O)c1cccc(C)c1O,313
C#CCNC(=O)c1cccc(Cl)c1,314
C#CCNC(=O)c1cccc(Cl)c1Cl,315
C#CCNC(=O)c1cccc(F)c1,316
C#CCNC(=O)c1cccc(N(C)C)c1,317
C#CCNC(=O)c1cccc(OC)c1,318
C#CCNC(=O)c1cccc(OCC)c1,319
C#CCNC(=O)c1ccccc1,320
C#CCNC(=O)c1ccccc1Br,321
C#CCNC(=O)c1ccccc1C,322
C#CCNC(=O)c1ccccc1Cl,323
C#CCNC(=O)c1ccccc1F,324
C#CCNC(=O)c1ccccc1N,325
C#CCNC(=O)c1ccccc1O,326
C#CCNC(=O)c1ccccc1OC,327
C#CCNC(=O)c1ccccn1,328
C#CCNC(=O)c1cccnc1,329
C#CCNC(=O)c1cccnc1Cl,330
C#CCNC(=O)c1cccnc1OC,331
C#CCNC(=O)c1ccco1,332
C#CCNC(=O)c1ccnc(Cl)c1,333
C#CCNC(=O)c1ccnc(N(C)C)c1,334
C#CCNC(=O)c1ccncc1F,335
C#CCNC(=O)c1ccoc1C,336
C#CCNC(=O)c1cn2ccccc2n1,337
C#CCNC(=O)c1cnc(C)cn1,338
C#CCNC(=O)c1cncc(Br)c1,339
C#CCNC(=O)c1cnccn1,340
C#CCNC(=O)c1coc(Br)c1,341
C#CCNC(=O)c1nc(Cl)ccc1Cl,342
C#CCNC(=O)n1ccnc1,343
C#CCNC(C)(C)C(C)=O,344
C#CCNC(C)=O,345
C#CCNCC(=O)Nc1ccccc1F,346
C#CCNCC(=O)O,347
C#CCNCC(=O)OC(C)(C)C,348
C#CCNCC(F)(F)F,349
C#CCNCc1cc(C)oc1C,350
C#CCNCc1ccc(C(=O)OC)cc1,351
C#CCNCc1ccc(Cl)cc1Cl,352
C#CCNCc1ccc(OC)cc1OC,353
C#CCNCc1ccc2c(c1)OCO2,354
C#CCNCc1cccc(C)n1,355
C#CCNCc1ccccc1Cl,356
C#CCNCc1ccccn1,357
C#CCNCc1cccnc1,358
C#CCNCc1ccco1,359
C#CCNCc1ccoc1C,360
C#CCNc1c(C)cccc1C,361
C#CCNc1cc(=O)n(C)c(=O)n1C,362
C#CCNc1cc(Br)ccc1NC(C)=O,363
C#CCNc1cc(C)cc(F)c1,364
C#CCNc1cc(NC(C)=O)ccc1C,365
C#CCNc1ccc(C(=O)OCC)cc1,366
C#CCNc1ccc(C(F)(F)F)cc1,367
C#CCNc1ccc(C)cc1,368
C#CCNc1ccc(C)cc1C,369
C#CCNc1ccc(Cl)cc1,370
C#CCNc1ccc(F)cc1F,371
C#CCNc1ccc(F)cc1OCCO,372
C#CCNc1ccc(NC(C)=O)cc1Cl,373
C#CCNc1ccc(OC)cc1,374
C#CCNc1cccc(C(F)(F)F)c1C,375
C#CCNc1cccc(C)c1C,376
C#CCNc1cccc(C)c1C(=O)NC,377
C#CCNc1ccccc1Cl,378
C#CCNc1nccnc1Cl,379
C#CCOC,380
C#CCOC(=O)C(C)(C)Br,381
C#CCOC(=O)C(C)(CO)CO,382
C#CCOC(=O)C1CCCCC1,383
C#CCOC(=O)CC,384
C#CCOC(=O)CN1CCOCC1,385
C#CCOC(=O)Cc1ccc(F)cc1F,386
C#CCOC(=O)Cc1ccc(N)cc1,387
C#CCOC(=O)Cc1ccccc1,388
C#CCOC(=O)OC,389
C#CCOC(=O)OC(C)(C)C,390
C#CCOC(=O)OCC,391
C#CCOC(=O)c1c[nH]c2ccccc12,392
C#CCOC(=O)c1ccc(C)cc1,393
C#CCOC(=O)c1ccc(Cl)cc1,394
C#CCOC(=O)c1ccc(OC)cc1,395
C#CCOC(=O)c1ccc2[nH]ccc2c1,396
C#CCOC(=O)c1ccc2cc[nH]c2c1,397
C#CCOC(=O)c1ccc2cc[nH]c2n1,398
C#CCOC(=O)c1ccccc1,399
C#CCOC(=O)c1ccccc1C,400
C#CCOC(=O)c1ccccc1C=O,401
C#CCOC(=O)c1cccnc1,402
C#CCOC(=O)n1ccnc1,403
C#CCOC(C)(C)C,404
C#CCOC(C)=O,405
C#CCOC(C)C,406
C#CCOC1CCC(CO)CC1,407
C#CCOCC,408
C#CCOCC(=O)OC,409
C#CCOCC(C)=O,410
C#CCOCC(OCC)OCC,411
C#CCOCCC(=O)OC(C)(C)C,412
C#CCOCCCO,413
C#CCOCCO,414
C#CCOCCOC,415
C#CCOCCOC(C)=O,416
C#CCOCCOCCO,417
C#CCOCCOCCOC,418
C#CCOCCOCCOCCO,419
C#CCOCCOCCOCCOC,420
C#CCOCCOCc1ccccc1,421
C#CCOCCON,422
C#CCOCc1ccc(OC)cc1,423
C#CCOCc1cccc(Br)c1,424
C#CCOCc1ccccc1,425
C#CCONC(=O)c1ccc(OC)cc1,426
C#CCOc1c(Br)cc(C=O)cc1OC,427
C#CCOc1c(Br)cc(CO)cc1OC,428
C#CCOc1c(Br)cc(F)cc1C=O,429
C#CCOc1c(Br)cc(OC)cc1C=O,430
C#CCOc1c(C)cc(Br)cc1C=O,431
C#CCOc1c(C)cc(C)cc1C,432
C#CCOc1c(C)cc(C)cc1C=O,433
C#CCOc1c(C)cc(Cl)cc1C=O,434
C#CCOc1c(C)cccc1C=O,435
C#CCOc1c(C=O)cc(Br)cc1OC,436
C#CCOc1c(C=O)cccc1OC,437
C#CCOc1c(C=O)cccc1OCC,438
C#CCOc1c(Cl)cc(C=O)cc1Br,439
C#CCOc1c(Cl)cc(C=O)cc1Cl,440
C#CCOc1c(Cl)cc(C=O)cc1OC,441
C#CCOc1c(Cl)cc(CO)cc1Cl,442
C#CCOc1c(Cl)cc(CO)cc1OC,443
C#CCOc1c(Cl)cc(Cl)cc1C=O,444
C#CCOc1c(Cl)cc(Cl)cc1CO,445
C#CCOc1c(Cl)cc(F)cc1C=O,446
C#CCOc1c(Cl)cc(OC)cc1C=O,447
C#CCOc1c(Cl)cccc1Cl,448
C#CCOc1c(OC)cccc1OC,449
C#CCOc1cc(Br)c(C=O)cc1OC,450
C#CCOc1cc(Br)c(CO)cc1OC,451
C#CCOc1cc(Br)cc(Br)c1,452
C#CCOc1cc(C(=O)OC)ccc1F,453
C#CCOc1cc(C)cc(C)c1,454
C#CCOc1cc(C)cc(C)c1C=O,455
C#CCOc1cc(C)ccc1C=O,456
C#CCOc1cc(C=O)ccc1OC,457
C#CCOc1cc(CO)ccc1OC,458
C#CCOc1cc(Cl)c(C=O)cc1OC,459
C#CCOc1cc(F)cc(F)c1,460
C#CCOc1cc(F)ccc1F,461
C#CCOc1cc(F)ccc1N,462
C#CCOc1cc(F)ccc1NC(C)=O,463
C#CCOc1ccc(Br)cc1,464
C#CCOc1ccc(Br)cc1Br,465
C#CCOc1ccc(Br)cc1C(=O)OC,466
C#CCOc1ccc(Br)cc1C=O,467
C#CCOc1ccc(Br)cc1CO,468
C#CCOc1ccc(Br)nc1,469
C#CCOc1ccc(Br)nc1C(=O)OC,470
C#CCOc1ccc(C(=O)N(C)C)cc1,471
C#CCOc1ccc(C(=O)OC)cc1,472
C#CCOc1ccc(C(C)=O)cc1,473
C#CCOc1ccc(C(C)=O)cc1OC,474
C#CCOc1ccc(C(C)C)cc1,475
C#CCOc1ccc(C(F)(F)F)cc1,476
C#CCOc1ccc(C)cc1,477
C#CCOc1ccc(C)cc1C=O,478
C#CCOc1ccc(C)nc1,479
C#CCOc1ccc(C=O)cc1,480
C#CCOc1ccc(C=O)cc1Br,481
C#CCOc1ccc(C=O)cc1CC,482
C#CCOc1ccc(C=O)cc1Cl,483
C#CCOc1ccc(C=O)cc1OC,484
C#CCOc1ccc(C=O)cc1OCC,485
C#CCOc1ccc(CC(=O)OC)cc1,486
C#CCOc1ccc(CCC)cc1,487
C#CCOc1ccc(CO)cc1,488
C#CCOc1ccc(CO)cc1Br,489
C#CCOc1ccc(CO)cc1Cl,490
C#CCOc1ccc(CO)cc1OC,491
C#CCOc1ccc(CO)cc1OCC,492
C#CCOc1ccc(Cl)c2cccnc12,493
C#CCOc1ccc(Cl)cc1,494
C#CCOc1ccc(Cl)cc1C=O,495
C#CCOc1ccc(Cl)cc1CO,496
C#CCOc1ccc(Cl)cc1Cl,497
C#CCOc1ccc(F)cc1,498
C#CCOc1ccc(F)cc1C=O,499
C#CCOc1ccc(F)cc1N,500
C#CCOc1ccc(F)cc1NC(C)=O,501
C#CCOc1ccc(N)cc1,502
C#CCOc1ccc(N)cn1,503
C#CCOc1ccc(NC)cc1,504
C#CCOc1ccc(OC)cc1,505
C#CCOc1ccc(OC)cc1C=O,506
C#CCOc1ccc(OCC)cc1,507
C#CCOc1ccc2c(c1)C(=O)CC2,508
C#CCOc1ccc2c(c1)CCC2=O,509
C#CCOc1ccc2c(c1)OCO2,510
C#CCOc1ccc2ncccc2c1,511
C#CCOc1cccc(Br)c1,512
C#CCOc1cccc(Br)c1Br,513
C#CCOc1cccc(C(=O)OC)c1,514
C#CCOc1cccc(C(C)=O)c1,515
C#CCOc1cccc(C(F)(F)F)c1,516
C#CCOc1cccc(C)c1,517
C#CCOc1cccc(C=O)c1,518
C#CCOc1cccc(CO)c1,519
C#CCOc1cccc(Cl)c1,520
C#CCOc1cccc(Cl)c1C=O,521
C#CCOc1cccc(Cl)c1Cl,522
C#CCOc1cccc(F)c1,523
C#CCOc1cccc(N)c1,524
C#CCOc1cccc(O)c1,525
C#CCOc1cccc(O)c1C,526
C#CCOc1cccc(OC)c1,527
C#CCOc1cccc(OC)c1C=O,528
C#CCOc1ccccc1,529
C#CCOc1ccccc1Br,530
C#CCOc1ccccc1C,531
C#CCOc1ccccc1C(=O)OC,532
C#CCOc1ccccc1C(C)=O,533
C#CCOc1ccccc1C(C)C,534
C#CCOc1ccccc1C(N)=O,535
C#CCOc1ccccc1C=O,536
C#CCOc1ccccc1CO,537
C#CCOc1ccccc1Cl,538
C#CCOc1ccccc1F,539
C#CCOc1ccccc1N,540
C#CCOc1ccccc1O,541
C#CCOc1ccccc1OC,542
C#CCOc1cccnc1,543
C#CCOc1cccnc1Br,544
C#CCOc1ccnc2ccccc12,545
C#CCOc1cnc(Br)cc1C,546
C#CCOc1nccc(C)c1Cl,547
C#CCOc1ncccn1,548
C#CCc1c(C)cccc1C,549
C#CCc1ccc(F)cc1,550
C#CCc1ccccc1,551
C#CCn1c(-c2ccccn2)noc1=O,552
C#CCn1c(=O)c(N)cc2ccccc21,553
C#CCn1c(=O)ccc2c(Br)cccc21,554
C#CCn1c(=O)ccc2c(Cl)cccc21,555
C#CCn1c(=O)ccc2cc(Br)ccc21,556
C#CCn1c(=O)ccc2cc(Cl)ccc21,557
C#CCn1c(=O)ccc2cc(F)ccc21,558
C#CCn1c(=O)ccc2cc(N)ccc21,559
C#CCn1c(=O)ccc2ccc(Br)cc21,560
C#CCn1c(=O)ccc2ccc(Cl)cc21,561
C#CCn1c(=O)oc(=O)c2cccnc21,562
C#CCn1c(=O)oc2cc(Cl)ccc21,563
C#CCn1c(=O)oc2ccccc21,564
C#CCn1c(C(C)=O)cc(C=O)c1C,565
C#CCn1c(C(C)=O)cc(C=O)c1CC,566
C#CCn1c(C)cc(C=O)c1C,567
C#CCn1c(C)cc(CC)c1C=O,568
C#CCn1c(C)ccc1C,569
C#CCn1c(C)nc2c(Cl)ncnc21,570
C#CCn1c(C)nc2ccccc21,571
C#CCn1c(CO)nc2ccccc21,572
C#CCn1c(COC)nc2ccccc21,573
C#CCn1cc(C=O)c2ccccc21,574
C#CCn1cc(C=O)cc1C(C)=O,575
C#CCn1cc(CO)c2ccccc21,576
C#CCn1cc(Cl)ccc1=O,577
C#CCn1ccc2ccccc21,578
C#CCn1cccc1,579
C#CCn1cccc1C=O,580
C#CCn1ccccc1=O,581
C#CCn1ccnc1,582
C#CCn1ccnc1C,583
C#CCn1ccnc1C=O,584
C#CCn1ccnc1CC,585
C#CCn1ccnc1CN1CCOCC1,586
C#CCn1cnc(-c2ccccc2)c1,587
C#CCn1cnc(-c2ccccc2)c1N,588
C#CCn1cnc(Cl)c1Cl,589
C#CCn1cnc2c(Cl)ncnc21,590
C#CCn1cnc2c(N)ncnc21,591
C#CCn1cnc2cc(C)c(C)cc21,592
C#CCn1cnc2cccc(F)c2c1=O,593
C#CCn1cnc2ccccc21,594
C#CCn1cnc2ccccc2c1=O,595
C#CCn1cnc2cnc(Cl)nc21,596
C#CCn1cnc2nc(Cl)ncc21,597
C#CCn1cnc2ncnc(Cl)c21,598
C#COC(C)(C)OC,599
C#COCC,600
C#COCCOC,601
C#Cc1[nH]c(CCC)nc1C(C)=O,602
C#Cc1c(Br)ccc(Cl)c1F,603
C#Cc1c(C)[nH]c(C(=O)OCC)c1C,604
C#Cc1c(C)cc(C)c(Br)c1C,605
C#Cc1c(C)cc(C)cc1C,606
C#Cc1c(C)cccc1C,607
C#Cc1c(C)noc1C,608
C#Cc1c(Cl)ccc(Br)c1F,609
C#Cc1c(Cl)cccc1Cl,610
C#Cc1c(F)cc(Br)cc1F,611
C#Cc1c(F)cc(F)cc1F,612
C#Cc1c(F)cc(N)cc1F,613
C#Cc1c(F)ccc(Br)c1Cl,614
C#Cc1c(F)ccc(Br)c1F,615
C#Cc1c(F)ccc(Cl)c1Br,616
C#Cc1c(F)cccc1Br,617
C#Cc1c(F)cccc1C(F)(F)F,618
C#Cc1c(F)cccc1C=O,619
C#Cc1c(F)cccc1F,620
C#Cc1c(F)cncc1F,621
C#Cc1c(OC)ccc2ncccc12,622
C#Cc1c(OC)cccc1OC,623
C#Cc1c[nH]c2ccccc12,624
C#Cc1c[nH]c2ncccc12,625
C#Cc1cc(Br)cc(C(F)(F)F)c1,626
C#Cc1cc(Br)cc(OC(F)(F)F)c1,627
C#Cc1cc(Br)ccc1F,628
C#Cc1cc(Br)ccc1OC(F)(F)F,629
C#Cc1cc(Br)ccn1,630
C#Cc1cc(C(=O)OC)cc(F)c1OC,631
C#Cc1cc(C(=O)OC)ccc1Br,632
C#Cc1cc(C(=O)OC)ccc1C,633
C#Cc1cc(C(=O)OC)ccc1F,634
C#Cc1cc(C(=O)OC)ccn1,635
C#Cc1cc(C(=O)OCC)ccc1F,636
C#Cc1cc(C(C)=O)ccc1F,637
C#Cc1cc(C(F)(F)F)ccc1Br,638
C#Cc1cc(C(F)(F)F)ccc1F,639
C#Cc1cc(C(F)(F)F)ccn1,640
C#Cc1cc(C)c(C(F)(F)F)cn1,641
C#Cc1cc(C)c(C)cc1C,642
C#Cc1cc(C)c2ccccc2n1,643
C#Cc1cc(C)cc(C)c1,644
C#Cc1cc(C)cc(F)c1,645
C#Cc1cc(C)ccc1C,646
C#Cc1cc(C)ccc1F,647
C#Cc1cc(C)ccc1N,648
C#Cc1cc(C)ccn1,649
C#Cc1cc(C)cnc1F,650
C#Cc1cc(C)nc(C)c1,651
C#Cc1cc(C)nc(C)n1,652
C#Cc1cc(C)ncn1,653
C#Cc1cc(C=O)c(OC)cc1N,654
C#Cc1cc(C=O)cc(F)c1OC,655
C#Cc1cc(C=O)ccc1F,656
C#Cc1cc(Cl)c(F)cc1Br,657
C#Cc1cc(Cl)cc(Cl)c1,658
C#Cc1cc(Cl)ccc1Cl,659
C#Cc1cc(Cl)ccc1F,660
C#Cc1cc(Cl)ccc1OC,661
C#Cc1cc(F)c(Br)cc1Cl,662
C#Cc1cc(F)c(F)c(F)c1,663
C#Cc1cc(F)c(F)cc1F,664
C#Cc1cc(F)c(F)cc1N,665
C#Cc1cc(F)c(N)c(F)c1,666
C#Cc1cc(F)c(N)cc1F,667
C#Cc1cc(F)c(OC)cc1F,668
C#Cc1cc(F)cc(Br)c1,669
C#Cc1cc(F)cc(C(F)(F)F)c1,670
C#Cc1cc(F)cc(C=O)c1,671
C#Cc1cc(F)cc(Cl)c1,672
C#Cc1cc(F)cc(F)c1,673
C#Cc1cc(F)cc(F)c1F,674
C#Cc1cc(F)cc(F)c1N,675
C#Cc1cc(F)ccc1Br,676
C#Cc1cc(F)ccc1C,677
C#Cc1cc(F)ccc1C(C)=O,678
C#Cc1cc(F)ccc1C(F)(F)F,679
C#Cc1cc(F)ccc1C=O,680
C#Cc1cc(F)ccc1Cl,681
C#Cc1cc(F)ccc1F,682
C#Cc1cc(F)ccc1N,683
C#Cc1cc(F)ccc1OC,684
C#Cc1cc(N)ccc1C,685
C#Cc1cc(N)ccc1F,686
C#Cc1cc(N)ccc1O,687
C#Cc1cc(N)ccn1,688
C#Cc1cc(OC(F)(F)F)ccc1Br,689
C#Cc1cc(OC)c(OC)c(OC)c1,690
C#Cc1cc(OC)c(OC)cc1Br,691
C#Cc1cc(OC)c2c(c1)OCO2,692
C#Cc1cc(OC)cc(OC)c1,693
C#Cc1cc(OC)ccc1Cl,694
C#Cc1cc(OC)ccc1OC,695
C#Cc1cc2ccccc2cn1,696
C#Cc1cc2cccnc2[nH]1,697
C#Cc1cc2cccnc2n1C,698
C#Cc1ccc(-c2ccccn2)nc1,699
C#Cc1ccc(-c2cnco2)cc1,700
C#Cc1ccc(-n2ccnc2C)cc1,701
C#Cc1ccc(Br)c(C(F)(F)F)c1,702
C#Cc1ccc(Br)c(Cl)c1,703
C#Cc1ccc(Br)c(Cl)c1F,704
C#Cc1ccc(Br)c(F)c1,705
C#Cc1ccc(Br)cc1,706
C#Cc1ccc(Br)cc1C(F)(F)F,707
C#Cc1ccc(Br)cc1F,708
C#Cc1ccc(Br)cc1OC(F)(F)F,709
C#Cc1ccc(Br)cn1,710
C#Cc1ccc(Br)nc1,711
C#Cc1ccc(C(=O)NC)cc1,712
C#Cc1ccc(C(=O)OC)c(Cl)c1,713
C#Cc1ccc(C(=O)OC)cc1,714
C#Cc1ccc(C(=O)OC)cc1F,715
C#Cc1ccc(C(=O)OC)cn1,716
C#Cc1ccc(C(=O)OC)nc1,717
C#Cc1ccc(C(=O)OCC)cc1,718
C#Cc1ccc(C(C)(C)C)cc1,719
C#Cc1ccc(C(C)=O)cc1,720
C#Cc1ccc(C(C)=O)cn1,721
C#Cc1ccc(C(C)C)cc1,722
C#Cc1ccc(C(F)(F)F)c(F)c1,723
C#Cc1ccc(C(F)(F)F)c(N)c1,724
C#Cc1ccc(C(F)(F)F)cc1,725
C#Cc1ccc(C(F)(F)F)cc1Br,726
C#Cc1ccc(C(F)(F)F)cc1F,727
C#Cc1ccc(C(F)(F)F)cn1,728
C#Cc1ccc(C(F)(F)F)nc1,729
C#Cc1ccc(C(F)F)c(F)c1,730
C#Cc1ccc(C(F)F)cn1,731
C#Cc1ccc(C)c(C)c1,732
C#Cc1ccc(C)c(F)c1,733
C#Cc1ccc(C)cc1,734
C#Cc1ccc(C)cc1C,735
C#Cc1ccc(C)cc1Cl,736
C#Cc1ccc(C)cc1F,737
C#Cc1ccc(C)cn1,738
C#Cc1ccc(C)nc1,739
C#Cc1ccc(C=O)c(F)c1,740
C#Cc1ccc(C=O)cc1,741
C#Cc1ccc(C=O)cc1F,742
C#Cc1ccc(C=O)nc1,743
C#Cc1ccc(C=O)o1,744
C#Cc1ccc(CC(=O)OC)cc1,745
C#Cc1ccc(CC(=O)OCC)cc1,746
C#Cc1ccc(CC(C)C)cc1,747
C#Cc1ccc(CC)cc1,748
C#Cc1ccc(CCC(=O)OC)cc1,749
C#Cc1ccc(CCC)cc1,750
C#Cc1ccc(CCCC)cc1,751
C#Cc1ccc(CO)cc1,752
C#Cc1ccc(CO)nc1,753
C#Cc1ccc(Cl)c(C(F)(F)F)c1,754
C#Cc1ccc(Cl)c(Cl)c1,755
C#Cc1ccc(Cl)c(F)c1,756
C#Cc1ccc(Cl)c2cnccc12,757
C#Cc1ccc(Cl)cc1,758
C#Cc1ccc(Cl)cc1Br,759
C#Cc1ccc(Cl)cc1C(=O)OC,760
C#Cc1ccc(Cl)cc1C(F)(F)F,761
C#Cc1ccc(Cl)cc1Cl,762
C#Cc1ccc(Cl)cc1F,763
C#Cc1ccc(Cl)cn1,764
C#Cc1ccc(Cl)nc1,765
C#Cc1ccc(F)c(Br)c1,766
C#Cc1ccc(F)c(C(F)(F)F)c1,767
C#Cc1ccc(F)c(C)c1,768
C#Cc1ccc(F)c(C=O)c1,769
C#Cc1ccc(F)c(Cl)c1,770
C#Cc1ccc(F)c(F)c1,771
C#Cc1ccc(F)c(F)c1F,772
C#Cc1ccc(F)c(N)c1,773
C#Cc1ccc(F)c2ccccc12,774
C#Cc1ccc(F)cc1,775
C#Cc1ccc(F)cc1Br,776
C#Cc1ccc(F)cc1C,777
C#Cc1ccc(F)cc1C(F)(F)F,778
C#Cc1ccc(F)cc1C=O,779
C#Cc1ccc(F)cc1F,780
C#Cc1ccc(F)cn1,781
C#Cc1ccc(F)nc1,782
C#Cc1ccc(F)nc1C,783
C#Cc1ccc(N(C)C)cc1,784
C#Cc1ccc(N(C)C)nc1,785
C#Cc1ccc(N(CC)CC)cc1,786
C#Cc1ccc(N)c(C(F)(F)F)c1,787
C#Cc1ccc(N)c(C)c1,788
C#Cc1ccc(N)c(Cl)c1,789
C#Cc1ccc(N)c(F)c1,790
C#Cc1ccc(N)cc1,791
C#Cc1ccc(N)cc1C(F)(F)F,792
C#Cc1ccc(N)cc1Cl,793
C#Cc1ccc(N)cc1F,794
C#Cc1ccc(N)cn1,795
C#Cc1ccc(N2CCOCC2)cc1,796
C#Cc1ccc(N2CCOCC2)nc1,797
C#Cc1ccc(NC(=O)C(C)C)cc1,798
C#Cc1ccc(NC(C)=O)cc1,799
C#Cc1ccc(NC(C)=O)nc1,800
C#Cc1ccc(NC)cc1,801
C#Cc1ccc(O)c(C=O)c1,802
C#Cc1ccc(O)c(N)c1,803
C#Cc1ccc(O)c(O)c1,804
C#Cc1ccc(O)cc1,805
C#Cc1ccc(O)cc1OC,806
C#Cc1ccc(O)cn1,807
C#Cc1ccc(OC(C)C)cc1,808
C#Cc1ccc(OC(F)(F)F)c(Br)c1,809
C#Cc1ccc(OC(F)(F)F)cc1,810
C#Cc1ccc(OC(F)(F)F)cc1Br,811
C#Cc1ccc(OC(F)F)cc1,812
C#Cc1ccc(OC)c(Br)c1,813
C#Cc1ccc(OC)c(C=O)n1,814
C#Cc1ccc(OC)c(Cl)c1,815
C#Cc1ccc(OC)c(F)c1,816
C#Cc1ccc(OC)c(F)c1F,817
C#Cc1ccc(OC)c(OC(C)C)c1,818
C#Cc1ccc(OC)c(OC)c1,819
C#Cc1ccc(OC)c(OCC)c1,820
C#Cc1ccc(OC)cc1,821
C#Cc1ccc(OC)cc1C,822
C#Cc1ccc(OC)cc1CO,823
C#Cc1ccc(OC)cc1Cl,824
C#Cc1ccc(OC)cc1F,825
C#Cc1ccc(OC)cn1,826
C#Cc1ccc(OC)nc1,827
C#Cc1ccc(OCC(F)(F)F)cc1,828
C#Cc1ccc(OCC(F)F)cc1,829
C#Cc1ccc(OCC)c(F)c1,830
C#Cc1ccc(OCC)c(F)c1F,831
C#Cc1ccc(OCC)c(OCC)c1,832
C#Cc1ccc(OCC)cc1,833
C#Cc1ccc(OCC)nc1,834
C#Cc1ccc(OCCC)cc1,835
C#Cc1ccc(OCCCC)cc1,836
C#Cc1ccc2[nH]ccc2c1,837
C#Cc1ccc2c(c1)CCC2,838
C#Cc1ccc2c(c1)CCC2=O,839
C#Cc1ccc2c(c1)CCCC2,840
C#Cc1ccc2c(c1)COC2=O,841
C#Cc1ccc2c(c1)NCCO2,842
C#Cc1ccc2c(c1)OCCO2,843
C#Cc1ccc2c(c1)OCO2,844
C#Cc1ccc2c(n1)OCCN2,845
C#Cc1ccc2cc[nH]c2c1,846
C#Cc1ccc2ccc(=O)oc2c1,847
C#Cc1ccc2ccccc2c1,848
C#Cc1ccc2ccccc2n1,849
C#Cc1ccc2cccnc2c1,850
C#Cc1ccc2ccncc2c1,851
C#Cc1ccc2cnccc2c1,852
C#Cc1ccc2nc(C)ccc2c1,853
C#Cc1ccc2nc[nH]c2c1,854
C#Cc1ccc2ncccc2c1,855
C#Cc1ccc2nccn2c1,856
C#Cc1ccc2nccnc2c1,857
C#Cc1cccc(Br)c1,858
C#Cc1cccc(Br)c1F,859
C#Cc1cccc(C(=O)OC)c1,860
C#Cc1cccc(C(=O)OC)n1,861
C#Cc1cccc(C(=O)OCC)c1,862
C#Cc1cccc(C(=O)OCC)n1,863
C#Cc1cccc(C(C)(C)C)c1,864
C#Cc1cccc(C(C)=O)c1,865
C#Cc1cccc(C(C)=O)n1,866
C#Cc1cccc(C(F)(F)F)c1,867
C#Cc1cccc(C(F)(F)F)c1F,868
C#Cc1cccc(C(F)(F)F)n1,869
C#Cc1cccc(C(F)F)c1,870
C#Cc1cccc(C(N)=O)c1,871
C#Cc1cccc(C)c1,872
C#Cc1cccc(C)c1C,873
C#Cc1cccc(C)c1Cl,874
C#Cc1cccc(C)n1,875
C#Cc1cccc(C=O)c1,876
C#Cc1cccc(C=O)c1F,877
C#Cc1cccc(C=O)n1,878
C#Cc1cccc(CC)c1,879
C#Cc1cccc(CO)c1,880
C#Cc1cccc(CO)n1,881
C#Cc1cccc(COC)c1,882
C#Cc1cccc(Cl)c1,883
C#Cc1cccc(Cl)c1C,884
C#Cc1cccc(Cl)c1F,885
C#Cc1cccc(Cl)n1,886
C#Cc1cccc(F)c1,887
C#Cc1cccc(F)c1Br,888
C#Cc1cccc(F)c1C(F)(F)F,889
C#Cc1cccc(F)c1C=O,890
C#Cc1cccc(F)c1F,891
C#Cc1cccc(F)n1,892
C#Cc1cccc(N)c1,893
C#Cc1cccc(N)n1,894
C#Cc1cccc(N2C(=O)CCC2=O)c1,895
C#Cc1cccc(NC(=O)CC)c1,896
C#Cc1cccc(NC(=O)COC)c1,897
C#Cc1cccc(NC(C)=O)c1,898
C#Cc1cccc(NC(C)=O)n1,899
C#Cc1cccc(NC(C)C)c1,900
C#Cc1cccc(NC)c1,901
C#Cc1cccc(NCC(=O)NC)c1,902
C#Cc1cccc(O)c1,903
C#Cc1cccc(O)c1O,904
C#Cc1cccc(OC(C)C)c1,905
C#Cc1cccc(OC(F)(F)F)c1,906
C#Cc1cccc(OC(F)F)c1,907
C#Cc1cccc(OC)c1,908
C#Cc1cccc(OC)c1F,909
C#Cc1cccc(OC)c1OC,910
C#Cc1cccc(OC)n1,911
C#Cc1cccc(OCC(=O)CC)c1,912
C#Cc1cccc(OCC(=O)OCC)c1,913
C#Cc1cccc(OCC(C)=O)c1,914
C#Cc1cccc(OCC(C)C)c1,915
C#Cc1cccc(OCC(F)(F)F)c1,916
C#Cc1cccc(OCC(F)F)c1,917
C#Cc1cccc(OCC)c1,918
C#Cc1cccc(OCCC)c1,919
C#Cc1cccc2[nH]cc(C=O)c12,920
C#Cc1cccc2c1C(=O)C(=O)N2,921
C#Cc1cccc2c1CCC2,922
C#Cc1cccc2c1CCCC2,923
C#Cc1cccc2c1OC(F)(F)O2,924
C#Cc1cccc2c1OCC2,925
C#Cc1cccc2c1OCCO2,926
C#Cc1cccc2ccccc12,927
C#Cc1cccc2cccnc12,928
C#Cc1cccc2ccncc12,929
C#Cc1cccc2cnccc12,930
C#Cc1cccc2ncccc12,931
C#Cc1cccc2nccn12,932
C#Cc1ccccc1,933
C#Cc1ccccc1Br,934
C#Cc1ccccc1C,935
C#Cc1ccccc1C(=O)OC,936
C#Cc1ccccc1C(=O)OCC,937
C#Cc1ccccc1C(C)(C)C,938
C#Cc1ccccc1C(C)=O,939
C#Cc1ccccc1C(C)C,940
C#Cc1ccccc1C(F)(F)F,941
C#Cc1ccccc1C(N)=O,942
C#Cc1ccccc1C=O,943
C#Cc1ccccc1CC,944
C#Cc1ccccc1CC(=O)OC,945
C#Cc1ccccc1CC(N)=O,946
C#Cc1ccccc1CO,947
C#Cc1ccccc1Cl,948
C#Cc1ccccc1F,949
C#Cc1ccccc1N,950
C#Cc1ccccc1O,951
C#Cc1ccccc1OC,952
C#Cc1ccccc1OC(C)C,953
C#Cc1ccccc1OC(F)(F)F,954
C#Cc1ccccc1OC(F)F,955
C#Cc1ccccc1OCC(F)(F)F,956
C#Cc1ccccc1OCC(F)F,957
C#Cc1ccccc1OCCC,958
C#Cc1ccccn1,959
C#Cc1cccn1C(=O)OC(C)(C)C,960
C#Cc1cccnc1,961
C#Cc1cccnc1Br,962
C#Cc1cccnc1C,963
C#Cc1cccnc1C(=O)OC,964
C#Cc1cccnc1Cl,965
C#Cc1cccnc1F,966
C#Cc1cccnc1N,967
C#Cc1cccnc1OC,968
C#Cc1ccco1,969
C#Cc1ccnc(Br)c1,970
C#Cc1ccnc(C)c1,971
C#Cc1ccnc(Cl)c1,972
C#Cc1ccnc(Cl)c1F,973
C#Cc1ccnc(Cl)n1,974
C#Cc1ccnc(F)c1,975
C#Cc1ccnc2[nH]ccc12,976
C#Cc1ccnc2c1ccn2C,977
C#Cc1ccnc2ccc(F)cc12,978
C#Cc1ccnc2ccccc12,979
C#Cc1ccncc1,980
C#Cc1ccncc1Cl,981
C#Cc1ccncc1F,982
C#Cc1ccoc1C,983
C#Cc1ccoc1C(F)(F)F,984
C#Cc1cn(C(=O)OC(C)(C)C)cn1,985
C#Cc1cn(C)c2ncccc12,986
C#Cc1cn2ccnc2cn1,987
C#Cc1cnc(Br)nc1,988
C#Cc1cnc(C)cn1,989
C#Cc1cnc(C)n1C,990
C#Cc1cnc(Cl)cc1C,991
C#Cc1cnc(Cl)cc1N,992
C#Cc1cnc(Cl)nc1,993
C#Cc1cnc(F)c(C)c1,994
C#Cc1cnc(F)cc1C,995
C#Cc1cnc(N)c(-c2ccccc2)n1,996
C#Cc1cnc(N)cn1,997
C#Cc1cnc(OC)c(C)c1,998
C#Cc1cnc(OC)cn1,999
C#Cc1cnc(OC)nc1,1000
C#Cc1cnc2[nH]ccc2c1,1001
C#Cc1cnc2c(NC(C)=O)cccn12,1002
C#Cc1cnc2c(ccn2C)c1,1003
C#Cc1cnc2ccccc2c1,1004
C#Cc1cnc2ccccc2n1,1005
C#Cc1cnc2ccccn12,1006
C#Cc1cnc2ccoc2c1,1007
C#Cc1cnc2cnccn12,1008
C#Cc1cncc(Br)c1,1009
C#Cc1cncc(Br)c1C,1010
C#Cc1cncc(C(F)F)c1,1011
C#Cc1cncc(C(N)=O)c1,1012
C#Cc1cncc(C)c1,1013
C#Cc1cncc(C)n1,1014
C#Cc1cncc(Cl)c1,1015
C#Cc1cncc(Cl)n1,1016
C#Cc1cncc(F)c1,1017
C#Cc1cncc(N)c1,1018
C#Cc1cncc(OC)c1,1019
C#Cc1cncc2ccccc12,1020
C#Cc1cncc2nccn12,1021
C#Cc1cnccc1C,1022
C#Cc1cnccc1Cl,1023
C#Cc1cnccn1,1024
C#Cc1cncn1C,1025
C#Cc1cncnc1,1026
C#Cc1nc(Br)cnc1N,1027
C#Cc1nc(C)c(C)c(C)n1,1028
C#Cc1nc(C)cc(C)n1,1029
C#Cc1nc(Cl)cnc1N,1030
C#Cc1nc2ccccc2cc1Br,1031
C#Cc1nc2ccccc2n1C,1032
C#Cc1ncc(Br)cn1,1033
C#Cc1ncc(C(F)(F)F)cc1Cl,1034
C#Cc1ncc(C)c(OC)n1,1035
C#Cc1ncc(C)cc1C,1036
C#Cc1ncc(C)cc1F,1037
C#Cc1ncc(C)cc1N,1038
C#Cc1ncc(C)nc1C,1039
C#Cc1ncc(Cl)c(OC)n1,1040
C#Cc1ncc(Cl)cc1N,1041
C#Cc1ncc(Cl)cn1,1042
C#Cc1ncc(F)c(OC)n1,1043
C#Cc1ncc(F)cc1C,1044
C#Cc1nccc(C)n1,1045
C#Cc1nccc(OC)n1,1046
C#Cc1nccc2ccccc12,1047
C#Cc1ncccc1Br,1048
C#Cc1ncccc1C,1049
C#Cc1ncccc1C(F)(F)F,1050
C#Cc1ncccc1C=O,1051
C#Cc1ncccc1CO,1052
C#Cc1ncccc1Cl,1053
C#Cc1ncccc1F,1054
C#Cc1ncccc1OC,1055
C#Cc1ncccn1,1056
C#Cc1nccnc1C,1057
C#Cc1nccnc1Cl,1058
C#Cc1nccnc1N,1059
C#Cc1nccnc1OC,1060
C#Cc1ncnc2c1ncn2C,1061
C#Cc1ncnc2cnccc12,1062
C#Cn1cccc1CCCC,1063
CC#CC(=O)CCc1ccccc1,1064
CC#CC(=O)N(C)Cc1cccnc1,1065
CC#CC(=O)N1CCc2ccccc21,1066
CC#CC(=O)OC,1067
CC#CC(=O)OCC,1068
CC#CC(C)(C)C,1069
CC#CC(C)(C)O,1070
CC#CC(C)C,1071
CC#CC(F)(F)F,1072
CC#CC(OCC)(OCC)OCC,1073
CC#CC1(O)CCCCC1,1074
CC#CC1CCCCC1,1075
CC#CC=O,1076
CC#CCC,1077
CC#CCC(=O)OC,1078
CC#CCC(=O)OCC,1079
CC#CCC(C)C,1080
CC#CCC=O,1081
CC#CCCC,1082
CC#CCCC(=O)OCCC,1083
CC#CCCC(=O)OCCCCC,1084
CC#CCCC(C)C,1085
CC#CCCCC,1086
CC#CCCCC(=O)CC(=O)OCC,1087
CC#CCCCCC,1088
CC#CCCCCCC,1089
CC#CCCCCCCC,1090
CC#CCCCCCCCC(=O)OC,1091
CC#CCCCCCCCCCO,1092
CC#CCCCCCCCCO,1093
CC#CCCCCCO,1094
CC#CCCCCO,1095
CC#CCCCO,1096
CC#CCCCc1ccccc1,1097
CC#CCCNC(=O)c1ccccc1Br,1098
CC#CCCO,1099
CC#CCN(C)c1ncc(F)cn1,1100
CC#CCN1C(=O)CCC1=O,1101
CC#CCN1C(=O)c2ccccc2C1=O,1102
CC#CCNC(=O)c1ccc(Br)c(O)c1,1103
CC#CCNC(=O)c1ccco1,1104
CC#CCNCc1cccc(C)n1,1105
CC#CCNCc1ccco1,1106
CC#CCNc1ccc(C)cc1,1107
CC#CCNc1cccc(C(N)=O)c1C,1108
CC#CCNc1ccccc1,1109
CC#CCO,1110
CC#CCOC,1111
CC#CCOC(C)=O,1112
CC#CCOCC,1113
CC#CCOc1ccc(CO)cc1,1114
CC#CCOc1ccc(OC)cc1,1115
CC#CCOc1ccccc1,1116
CC#CCOc1ccccn1,1117
CC#CCOc1nc2cccnc2n1C,1118
CC#CCOc1ncc(Cl)cn1,1119
CC#CCOc1ncc(F)cn1,1120
CC#CCOc1nccc(C)n1,1121
CC#CCOc1nccn(C)c1=O,1122
CC#CCn1ccn(C)c(=O)c1=O,1123
CC#CCn1ccnc1C,1124
CC#Cc1ccc(Br)cc1,1125
CC#Cc1ccc(Br)nc1,1126
CC#Cc1ccc(CO)cc1,1127
CC#Cc1cccc(Br)c1,1128
CC#Cc1ccccc1,1129
CC#Cc1cncc(Br)c1,1130
CC#Cc1nc(C)ccc1N,1131
CC(=O)C#CC(F)(F)F,1132
CC(=O)C#CCOCc1ccccc1,1133
CC(=O)C#Cc1ccccc1,1134
CC(=O)C#Cc1ccccc1C,1135
CC(=O)c1ccc(C#CCO)cc1,1136
CC(C)(C#CC(F)(F)F)CO,1137
CC(C)(C)C#CCO,1138
CC(C)(C)C(=O)C#CC(F)(F)F,1139
CC(C)(C)C(=O)OCC#CCO,1140
CC(C)(O)C#CC(F)(F)F,1141
CCC#CC(=O)O,1142
CCC#CC(=O)OC,1143
CCC#CC(=O)OCC,1144
CCC#CC(C)(C)C,1145
CCC#CC(C)(C)O,1146
CCC#CC(C)=O,1147
CCC#CC(C)C,1148
CCC#CC(OCC)OCC,1149
CCC#CC1(O)CCCC1,1150
CCC#CC1CCCCC1,1151
CCC#CCC(C)C,1152
CCC#CCC=O,1153
CCC#CCCC,1154
CCC#CCCC(C)C,1155
CCC#CCCCC,1156
CCC#CCCCCC,1157
CCC#CCCCCCC,1158
CCC#CCCCCCCCCO,1159
CCC#CCCO,1160
CCC#CCCOC(C)=O,1161
CCC#CCCOCCO,1162
CCC#CCO,1163
CCC#CCOCC,1164
CCC#Cc1ccc(OC)cc1,1165
CCC#Cc1ccccc1,1166
CCC(=O)C#CC(F)(F)F,1167
CCC(C#CC(=O)OC)(CC)CC,1168
CCC(O)(C#CC(F)(F)F)CC,1169
CCCC#CC(=O)OC,1170
CCCC#CC(C)=O,1171
CCCC#CCCO,1172
CCCC#CCO,1173
CCCC#CO,1174
CCCCC#CC(=O)OC,1175
CCCCC#CC=O,1176
CCCCC#CCCO,1177
CCCCC#CCO,1178
CCCCCC#CC(=O)OC,1179
CCCCCC#CC=O,1180
CCCCCC#CCCO,1181
CCCCCC#CCCl,1182
CCCCCC#CCO,1183
CCCCCC#COC(=O)OC,1184
CCCCCCC#CC(=O)OC,1185
CCCCCCC#CCCO,1186
CCCCCCC#CCO,1187
CCCCCCCC#CCO,1188
CCCCCCCCC#CC(=O)OC,1189
CCCCCCCCC#CCO,1190
CCCCCCCCC#CO,1191
CCCCCCCCCC#CCO,1192
CCOC#CC1(O)CCCC1,1193
CCOC(=O)c1ccc(C#CCO)cc1,1194
CCOC(C#CC(C)=O)OCC,1195
CCOC(C#CC=O)OCC,1196
CCOC(C#CCO)OCC,1197
CN(C)CC#CCO,1198
CN1CCN(CC#CC(=O)O)CC1,1199
COC(=O)C#CC(C)(C)C,1200
COC(=O)C#CC(C)(C)O,1201
COC(=O)C#CC1(O)CCCCC1,1202
COC(=O)C#CCCCO,1203
COC(=O)C#CCO,1204
COC(=O)C#CCOCc1ccccc1,1205
COC(=O)C#Cc1cc(Cl)cc(Cl)c1,1206
COC(=O)C#Cc1ccc(Br)cc1,1207
COC(=O)C#Cc1ccc(C)nc1,1208
COC(=O)C#Cc1ccc(C=O)cc1,1209
COC(=O)C#Cc1ccc(Cl)cc1,1210
COC(=O)C#Cc1ccc(F)c(F)c1,1211
COC(=O)C#Cc1ccc(F)cc1,1212
COC(=O)C#Cc1ccc(F)cc1F,1213
COC(=O)C#Cc1ccc(OC)cc1,1214
COC(=O)C#Cc1cccc(Br)c1,1215
COC(=O)C#Cc1ccccc1,1216
COC(=O)C#Cc1ccccc1Cl,1217
COC(=O)C#Cc1ccccn1,1218
COC(=O)C#Cc1cccnc1,1219
COC(=O)C#Cc1ccncc1,1220
COC(=O)c1ccc(C#CCCO)cc1,1221
COC(=O)c1ccc(C#CCCO)cn1,1222
COC(=O)c1ccc(C#CCO)cc1,1223
COC(=O)c1cccc(C#CCO)c1,1224
COC(=O)c1ccccc1C#CCO,1225
COC(CC#CC=O)OC,1226
COC(OC)c1cncc(C#CCO)c1,1227
COCC#CC(C)(C)OC,1228
COCC#CCN1CCOCC1,1229
COCC#Cc1cc(Cl)ccn1,1230
COCCOc1cccc(C#CCO)c1,1231
COc1cc(Br)cnc1C#CCO,1232
COc1cc(C#CCO)cnc1OC,1233
COc1ccc(C#CCCO)cc1,1234
COc1ccc(C#CCO)cc1,1235
COc1ccc(C#CCO)cc1F,1236
COc1ccc(C#CCO)nc1OC,1237
COc1ccc(Cl)cc1C#CCO,1238
COc1cccc(C#CCO)c1,1239
COc1cccc(C#CCON)c1,1240
COc1ccccc1C#CCO,1241
COc1cncc(C#CCO)c1,1242
Cc1c(Cl)cccc1C#CCO,1243
Cc1ccc(C#CCO)cc1,1244
Cc1cccc(C#CCO)c1,1245
Cc1ccccc1C#CCO,1246
Cc1cnc(Cl)c(C#CCO)c1,1247
Cn1cnc2cc(C#CCO)cnc21,1248
FC(F)(F)C#Cc1ccccc1,1249
NC(=O)C#Cc1ccc(Cl)cc1,1250
NC(=O)C#Cc1ccccc1,1251
Nc1ccnc(C#CCO)c1,1252
O=C(C#CCCO)OCc1ccccc1,1253
O=C(C#CCO)c1ccccc1,1254
O=C(C#Cc1ccccc1)C(F)F,1255
O=C(O)C#CC1CCNCC1,1256
O=CC#CC(F)(F)F,1257
O=CC#Cc1ccccc1,1258
O=Cc1ccc(C#CCCO)cc1,1259
O=Cc1ccc(C#CCO)cc1,1260
O=Cc1cccc(C#CCO)c1,1261
OC1(C#CC(F)(F)F)CCCC1,1262
OC1(C#CC(F)(F)F)CCCCC1,1263
OCC#CC(F)(F)F,1264
OCC#CC1(O)CCCCC1,1265
OCC#CC1CCCCC1,1266
OCC#CCCCO,1267
OCC#CCOCc1ccccc1,1268
OCC#Cc1cc(Cl)ccc1Cl,1269
OCC#Cc1cc(Cl)cnc1Cl,1270
OCC#Cc1ccc(Br)c(F)c1,1271
OCC#Cc1ccc(Br)cc1,1272
OCC#Cc1ccc(Br)cc1F,1273
OCC#Cc1ccc(Br)cn1,1274
OCC#Cc1ccc(C(F)(F)F)cc1,1275
OCC#Cc1ccc(Cl)cc1,1276
OCC#Cc1ccc(Cl)cc1Cl,1277
OCC#Cc1ccc(Cl)cc1F,1278
OCC#Cc1ccc(F)c(Br)c1,1279
OCC#Cc1ccc(F)c(F)c1,1280
OCC#Cc1ccc(F)cc1,1281
OCC#Cc1ccc(O)cc1,1282
OCC#Cc1cccc(Br)c1,1283
OCC#Cc1cccc(C(F)(F)F)c1,1284
OCC#Cc1cccc(Cl)c1,1285
OCC#Cc1cccc(Cl)c1Cl,1286
OCC#Cc1cccc(F)c1,1287
OCC#Cc1cccc(F)c1F,1288
OCC#Cc1cccc(O)c1,1289
OCC#Cc1ccccc1,1290
OCC#Cc1ccccc1Br,1291
OCC#Cc1ccccc1Cl,1292
OCC#Cc1ccccc1F,1293
OCC#Cc1ccccc1O,1294
OCC#Cc1ccccn1,1295
OCC#Cc1cccnc1,1296
OCC#Cc1ccncc1,1297
OCC#Cc1cnc2c(c1)CCCO2,1298
OCC#Cc1cnc2ccccc2c1,1299
OCC#Cc1cnc2cccnc2c1,1300
OCC#Cc1cnc2ccoc2c1,1301
OCC#Cc1cncc(Br)c1,1302
OCC#Cc1cnccc1Cl,1303
OCC#Cc1cncnc1,1304
OCC#Cc1ncccn1,1305
OCCC#CCN1CCOCC1,1306
OCCC#Cc1ccccc1,1307
OCCC#Cc1ccccn1,1308
OCCC#Cc1cccnc1,1309
OCCC#Cc1ccncc1,1310
OCc1ccc(C#CC(F)(F)F)cc1,1311
OCc1ccc(C#CC(F)F)cc1,1312
